lon,lat,nrec,code,town
36.93,37.58,404,4606,Kahramanmaras
37.29,37.75,369,4605,Caglayancerit
37.64,37.78,343,0204,Golbasi
37.69,37.69,336,0206,Besni
37.78,37.92,304,0203,Erkenek
36.35,37.58,283,0101,Andirin
37.3,37.49,257,4607,Pazarcik
36.85,37.38,244,4608,Turkoglu
36.92,38.25,210,4602,Afsin
36.73,37.18,207,2701,Nurdagi
38.28,37.76,204,0205,Adiyaman
37.18,38.06,202,4603,Ekinozu
37.58,38.0,196,4405,Surgu
36.5,38.02,196,4604,Goksun
37.2,38.21,191,4601,Elbistan
36.25,37.07,187,8001,Osmaniye
37.38,37.07,184,2703,Gaziantep
36.1,37.37,179,0102,Kadirli
37.79,37.01,170,2704,Nizip
36.63,37.02,168,2702,Islahiye
37.12,36.72,159,7901,Kilis
37.95,38.02,158,0202,Celikhan
37.88,38.1,150,4404,Dogansehir
35.82,37.03,150,0103,Ceyhan
38.62,37.78,137,0201,Kahta
36.17,36.59,127,3103,Iskenderun
37.96,38.34,126,4403,Akcadag
36.52,36.8,126,3101,Hassa
36.57,36.27,100,3104,Reyhanli
38.31,38.36,89,4402,Malatya
36.36,36.5,86,3102,Kirikhan
38.79,37.17,78,6301,Sanliurfa
36.16,36.2,61,3105,Antakya
38.87,38.19,57,4401,Puturge
35.32,37.0,55,0104,Adana
39.31,38.45,35,2304,Sivrice
39.22,38.67,31,2303,Elazig
40.23,37.91,21,2101,Diyarbakir
39.93,38.7,21,2301,Palu
39.86,38.72,21,2302,Kovancilar
41.0,39.3,18,4101,Karliova
40.5,38.88,18,1201,Bingol
40.55,38.75,18,1202,Genc
